<?xml version="1.0" encoding="UTF-8"?>
<project-private xmlns="http://www.netbeans.org/ns/project-private/1">
    <editor-bookmarks xmlns="http://www.netbeans.org/ns/editor-bookmarks/2" lastBookmarkId="0"/>
    <open-files xmlns="http://www.netbeans.org/ns/projectui-open-files/2">
        <group>
            <file>file:/Applications/MAMP/htdocs/customizePlugin/wp-content/plugins/wpthemeroller/index.php</file>
            <file>file:/Applications/MAMP/htdocs/customizePlugin/wp-content/plugins/wpthemeroller/includes/wtr_db_operations.php</file>
            <file>file:/Applications/MAMP/htdocs/customizePlugin/wp-content/plugins/wpthemeroller/includes/add_wrt_classes.php</file>
        </group>
    </open-files>
</project-private>
